ppn,mem,trial,AvgRSS,AvgSharedTxt,AvgStack,AvgTotal,AvgUnsharedData,CommandTimed,ExitStatus,FileSysIn,FileSysOut,InvolCtxtSwitch,ajorFaults,axRSS,inorFaults,PageSize,PercentCPU,SignalsDeliv,SocketsgRecv,SocketsgSent,Swaps,SystemTime,UserTime,VolCtxtSwitch,WallTime,SampleName
12,110G,1,0,0,0,0,0,"/oasis/scratch/comet/a3rao/temp_project/NGS-ann-project/NGS-ann-program/bin/cd-hit-dup -i filter-human/no-human-1 -i2 filter-human/no-human-2 -o /oasis/scratch/comet/a3rao/temp_project/NGS-ann-project/LS002/dup/ppn12/mem110G/trial1/dup -u 50",0,14176,36702800,3103,8,104982152,23361102,4096,100%,0,0,0,0,111.34,982.33,397,18:13.16,LS002
12,110G,1,0,0,0,0,0,"/oasis/scratch/comet/a3rao/temp_project/NGS-ann-project/NGS-ann-program/bin/cd-hit-dup -i filter-human/no-human-1 -i2 filter-human/no-human-2 -o /oasis/scratch/comet/a3rao/temp_project/NGS-ann-project/LS002/dup/ppn12/mem110G/trial1/dup -u 50",0,14176,36702800,2432,8,104980220,23357342,4096,99%,0,0,0,0,145.76,1037.75,441,19:47.16,LS002
12,110G,2,0,0,0,0,0,"/oasis/scratch/comet/a3rao/temp_project/NGS-ann-project/NGS-ann-program/bin/cd-hit-dup -i filter-human/no-human-1 -i2 filter-human/no-human-2 -o /oasis/scratch/comet/a3rao/temp_project/NGS-ann-project/LS002/dup/ppn12/mem110G/trial2/dup -u 50",0,14176,36702800,2585,8,104984180,23361111,4096,100%,0,0,0,0,108.59,944.75,376,17:32.84,LS002
12,110G,2,0,0,0,0,0,"/oasis/scratch/comet/a3rao/temp_project/NGS-ann-project/NGS-ann-program/bin/cd-hit-dup -i filter-human/no-human-1 -i2 filter-human/no-human-2 -o /oasis/scratch/comet/a3rao/temp_project/NGS-ann-project/LS002/dup/ppn12/mem110G/trial2/dup -u 50",0,12544,36702800,3385,7,104979996,23366281,4096,99%,0,0,0,0,108.42,1053.86,414,19:23.24,LS002
12,110G,3,0,0,0,0,0,"/oasis/scratch/comet/a3rao/temp_project/NGS-ann-project/NGS-ann-program/bin/cd-hit-dup -i filter-human/no-human-1 -i2 filter-human/no-human-2 -o /oasis/scratch/comet/a3rao/temp_project/NGS-ann-project/LS002/dup/ppn12/mem110G/trial3/dup -u 50",0,12544,36702800,3374,7,104981536,25480498,4096,98%,0,0,0,0,921.86,976.03,636,32:13.11,LS002
12,110G,3,0,0,0,0,0,"/oasis/scratch/comet/a3rao/temp_project/NGS-ann-project/NGS-ann-program/bin/cd-hit-dup -i filter-human/no-human-1 -i2 filter-human/no-human-2 -o /oasis/scratch/comet/a3rao/temp_project/NGS-ann-project/LS002/dup/ppn12/mem110G/trial3/dup -u 50",0,14176,36702792,2889,8,104979688,23360315,4096,99%,0,0,0,0,107.44,1024.13,392,18:52.75,LS002
12,110G,4,0,0,0,0,0,"/oasis/scratch/comet/a3rao/temp_project/NGS-ann-project/NGS-ann-program/bin/cd-hit-dup -i filter-human/no-human-1 -i2 filter-human/no-human-2 -o /oasis/scratch/comet/a3rao/temp_project/NGS-ann-project/LS002/dup/ppn12/mem110G/trial4/dup -u 50",0,14176,36702800,2014,8,104980224,23358378,4096,99%,0,0,0,0,109.49,920.66,348,17:10.52,LS002
12,110G,5,0,0,0,0,0,"/oasis/scratch/comet/a3rao/temp_project/NGS-ann-project/NGS-ann-program/bin/cd-hit-dup -i filter-human/no-human-1 -i2 filter-human/no-human-2 -o /oasis/scratch/comet/a3rao/temp_project/NGS-ann-project/LS002/dup/ppn12/mem110G/trial5/dup -u 50",0,14176,36702800,2468,8,104979200,23357997,4096,99%,0,0,0,0,116.36,965.32,426,18:02.02,LS002
12,120G,1,0,0,0,0,0,"/oasis/scratch/comet/a3rao/temp_project/NGS-ann-project/NGS-ann-program/bin/cd-hit-dup -i filter-human/no-human-1 -i2 filter-human/no-human-2 -o /oasis/scratch/comet/a3rao/temp_project/NGS-ann-project/LS002/dup/ppn12/mem120G/trial1/dup -u 50",0,14176,36702808,2249,8,104979936,23876999,4096,98%,0,0,0,0,344.71,1021.27,366,23:04.06,LS002
12,120G,2,0,0,0,0,0,"/oasis/scratch/comet/a3rao/temp_project/NGS-ann-project/NGS-ann-program/bin/cd-hit-dup -i filter-human/no-human-1 -i2 filter-human/no-human-2 -o /oasis/scratch/comet/a3rao/temp_project/NGS-ann-project/LS002/dup/ppn12/mem120G/trial2/dup -u 50",0,12544,36702816,3329,7,104978732,27105963,4096,98%,0,0,0,0,533.07,1757.17,650,38:41.01,LS002
12,120G,3,0,0,0,0,0,"/oasis/scratch/comet/a3rao/temp_project/NGS-ann-project/NGS-ann-program/bin/cd-hit-dup -i filter-human/no-human-1 -i2 filter-human/no-human-2 -o /oasis/scratch/comet/a3rao/temp_project/NGS-ann-project/LS002/dup/ppn12/mem120G/trial3/dup -u 50",0,14176,36702808,3293,8,104979288,23873359,4096,98%,0,0,0,0,417.33,1057.27,392,25:01.84,LS002
12,120G,4,0,0,0,0,0,"/oasis/scratch/comet/a3rao/temp_project/NGS-ann-project/NGS-ann-program/bin/cd-hit-dup -i filter-human/no-human-1 -i2 filter-human/no-human-2 -o /oasis/scratch/comet/a3rao/temp_project/NGS-ann-project/LS002/dup/ppn12/mem120G/trial4/dup -u 50",0,12544,36702848,4613,7,104982136,24151476,4096,97%,0,0,0,0,870.65,1695.34,816,43:58.22,LS002
12,120G,5,0,0,0,0,0,"/oasis/scratch/comet/a3rao/temp_project/NGS-ann-project/NGS-ann-program/bin/cd-hit-dup -i filter-human/no-human-1 -i2 filter-human/no-human-2 -o /oasis/scratch/comet/a3rao/temp_project/NGS-ann-project/LS002/dup/ppn12/mem120G/trial5/dup -u 50",0,14176,36702800,3855,8,104983680,25200300,4096,99%,0,0,0,0,204.73,1081.27,388,21:33.09,LS002
16,110G,1,0,0,0,0,0,"/oasis/scratch/comet/a3rao/temp_project/NGS-ann-project/NGS-ann-program/bin/cd-hit-dup -i filter-human/no-human-1 -i2 filter-human/no-human-2 -o /oasis/scratch/comet/a3rao/temp_project/NGS-ann-project/LS002/dup/ppn16/mem110G/trial1/dup -u 50",0,12544,36702800,3540,7,104978732,33092096,4096,99%,0,0,0,0,352.31,1054.95,237,23:37.19,LS002
16,110G,1,0,0,0,0,0,"/oasis/scratch/comet/a3rao/temp_project/NGS-ann-project/NGS-ann-program/bin/cd-hit-dup -i filter-human/no-human-1 -i2 filter-human/no-human-2 -o /oasis/scratch/comet/a3rao/temp_project/NGS-ann-project/LS002/dup/ppn16/mem110G/trial1/dup -u 50",0,12544,36702800,1393,7,104980096,23363170,4096,99%,0,0,0,0,107.49,1008.16,334,18:35.89,LS002
16,110G,2,0,0,0,0,0,"/oasis/scratch/comet/a3rao/temp_project/NGS-ann-project/NGS-ann-program/bin/cd-hit-dup -i filter-human/no-human-1 -i2 filter-human/no-human-2 -o /oasis/scratch/comet/a3rao/temp_project/NGS-ann-project/LS002/dup/ppn16/mem110G/trial2/dup -u 50",0,12544,36702800,3294,7,104979956,23365787,4096,100%,0,0,0,0,109.04,1002.11,341,18:30.55,LS002
16,110G,2,0,0,0,0,0,"/oasis/scratch/comet/a3rao/temp_project/NGS-ann-project/NGS-ann-program/bin/cd-hit-dup -i filter-human/no-human-1 -i2 filter-human/no-human-2 -o /oasis/scratch/comet/a3rao/temp_project/NGS-ann-project/LS002/dup/ppn16/mem110G/trial2/dup -u 50",0,14176,36702800,3505,8,104979652,23362886,4096,100%,0,0,0,0,106.45,1033.97,358,19:00.41,LS002
16,110G,3,0,0,0,0,0,"/oasis/scratch/comet/a3rao/temp_project/NGS-ann-project/NGS-ann-program/bin/cd-hit-dup -i filter-human/no-human-1 -i2 filter-human/no-human-2 -o /oasis/scratch/comet/a3rao/temp_project/NGS-ann-project/LS002/dup/ppn16/mem110G/trial3/dup -u 50",0,12544,36702800,2845,7,104979996,23364236,4096,100%,0,0,0,0,106.72,1009.01,351,18:35.08,LS002
16,110G,3,0,0,0,0,0,"/oasis/scratch/comet/a3rao/temp_project/NGS-ann-project/NGS-ann-program/bin/cd-hit-dup -i filter-human/no-human-1 -i2 filter-human/no-human-2 -o /oasis/scratch/comet/a3rao/temp_project/NGS-ann-project/LS002/dup/ppn16/mem110G/trial3/dup -u 50",0,14176,36702800,4138,8,104979620,23358344,4096,99%,0,0,0,0,241.68,1815.80,743,34:17.85,LS002
16,110G,4,0,0,0,0,0,"/oasis/scratch/comet/a3rao/temp_project/NGS-ann-project/NGS-ann-program/bin/cd-hit-dup -i filter-human/no-human-1 -i2 filter-human/no-human-2 -o /oasis/scratch/comet/a3rao/temp_project/NGS-ann-project/LS002/dup/ppn16/mem110G/trial4/dup -u 50",0,14176,36702808,3288,8,104980220,23588384,4096,98%,0,0,0,0,502.58,1021.87,529,25:53.32,LS002
16,110G,5,0,0,0,0,0,"/oasis/scratch/comet/a3rao/temp_project/NGS-ann-project/NGS-ann-program/bin/cd-hit-dup -i filter-human/no-human-1 -i2 filter-human/no-human-2 -o /oasis/scratch/comet/a3rao/temp_project/NGS-ann-project/LS002/dup/ppn16/mem110G/trial5/dup -u 50",0,12544,36702800,3287,7,104979288,23358989,4096,100%,0,0,0,0,238.57,1803.77,764,34:01.86,LS002
16,120G,1,0,0,0,0,0,"/oasis/scratch/comet/a3rao/temp_project/NGS-ann-project/NGS-ann-program/bin/cd-hit-dup -i filter-human/no-human-1 -i2 filter-human/no-human-2 -o /oasis/scratch/comet/a3rao/temp_project/NGS-ann-project/LS002/dup/ppn16/mem120G/trial1/dup -u 50",0,14176,36702808,2917,8,104984184,23749533,4096,98%,0,0,0,0,324.44,948.91,376,21:27.79,LS002
16,120G,2,0,0,0,0,0,"/oasis/scratch/comet/a3rao/temp_project/NGS-ann-project/NGS-ann-program/bin/cd-hit-dup -i filter-human/no-human-1 -i2 filter-human/no-human-2 -o /oasis/scratch/comet/a3rao/temp_project/NGS-ann-project/LS002/dup/ppn16/mem120G/trial2/dup -u 50",0,12544,36703144,3284,7,104982136,24909974,4096,97%,0,0,0,0,486.13,953.62,329,24:30.40,LS002
16,120G,3,0,0,0,0,0,"/oasis/scratch/comet/a3rao/temp_project/NGS-ann-project/NGS-ann-program/bin/cd-hit-dup -i filter-human/no-human-1 -i2 filter-human/no-human-2 -o /oasis/scratch/comet/a3rao/temp_project/NGS-ann-project/LS002/dup/ppn16/mem120G/trial3/dup -u 50",0,12544,36702816,3835,7,104979736,23889827,4096,98%,0,0,0,0,333.62,1021.71,433,22:51.37,LS002
16,120G,4,0,0,0,0,0,"/oasis/scratch/comet/a3rao/temp_project/NGS-ann-project/NGS-ann-program/bin/cd-hit-dup -i filter-human/no-human-1 -i2 filter-human/no-human-2 -o /oasis/scratch/comet/a3rao/temp_project/NGS-ann-project/LS002/dup/ppn16/mem120G/trial4/dup -u 50",0,14176,36702800,2248,8,104978732,25221178,4096,99%,0,0,0,0,229.57,1068.84,395,21:47.02,LS002
16,120G,5,0,0,0,0,0,"/oasis/scratch/comet/a3rao/temp_project/NGS-ann-project/NGS-ann-program/bin/cd-hit-dup -i filter-human/no-human-1 -i2 filter-human/no-human-2 -o /oasis/scratch/comet/a3rao/temp_project/NGS-ann-project/LS002/dup/ppn16/mem120G/trial5/dup -u 50",0,12544,36702856,3615,7,104980216,24420036,4096,98%,0,0,0,0,618.47,1033.12,348,28:04.90,LS002
20,110G,1,0,0,0,0,0,"/oasis/scratch/comet/a3rao/temp_project/NGS-ann-project/NGS-ann-program/bin/cd-hit-dup -i filter-human/no-human-1 -i2 filter-human/no-human-2 -o /oasis/scratch/comet/a3rao/temp_project/NGS-ann-project/LS002/dup/ppn20/mem110G/trial1/dup -u 50",0,14176,36702800,3212,8,104979444,23358902,4096,100%,0,0,0,0,105.98,991.25,380,18:16.72,LS002
20,110G,1,0,0,0,0,0,"/oasis/scratch/comet/a3rao/temp_project/NGS-ann-project/NGS-ann-program/bin/cd-hit-dup -i filter-human/no-human-1 -i2 filter-human/no-human-2 -o /oasis/scratch/comet/a3rao/temp_project/NGS-ann-project/LS002/dup/ppn20/mem110G/trial1/dup -u 50",0,14176,36702816,4832,8,104978728,29657684,4096,98%,0,0,0,0,1185.42,1007.38,278,37:05.50,LS002
20,110G,2,0,0,0,0,0,"/oasis/scratch/comet/a3rao/temp_project/NGS-ann-project/NGS-ann-program/bin/cd-hit-dup -i filter-human/no-human-1 -i2 filter-human/no-human-2 -o /oasis/scratch/comet/a3rao/temp_project/NGS-ann-project/LS002/dup/ppn20/mem110G/trial2/dup -u 50",0,14176,36702800,3495,8,104980092,23365221,4096,100%,0,0,0,0,106.82,1015.23,314,18:41.48,LS002
20,110G,2,0,0,0,0,0,"/oasis/scratch/comet/a3rao/temp_project/NGS-ann-project/NGS-ann-program/bin/cd-hit-dup -i filter-human/no-human-1 -i2 filter-human/no-human-2 -o /oasis/scratch/comet/a3rao/temp_project/NGS-ann-project/LS002/dup/ppn20/mem110G/trial2/dup -u 50",0,12544,36702792,3224,7,104979384,23359938,4096,99%,0,0,0,0,108.31,1053.37,381,19:22.02,LS002
20,110G,3,0,0,0,0,0,"/oasis/scratch/comet/a3rao/temp_project/NGS-ann-project/NGS-ann-program/bin/cd-hit-dup -i filter-human/no-human-1 -i2 filter-human/no-human-2 -o /oasis/scratch/comet/a3rao/temp_project/NGS-ann-project/LS002/dup/ppn20/mem110G/trial3/dup -u 50",0,14176,36702792,1727,8,104979560,23361918,4096,100%,0,0,0,0,108.26,1010.34,336,18:37.88,LS002
20,110G,3,0,0,0,0,0,"/oasis/scratch/comet/a3rao/temp_project/NGS-ann-project/NGS-ann-program/bin/cd-hit-dup -i filter-human/no-human-1 -i2 filter-human/no-human-2 -o /oasis/scratch/comet/a3rao/temp_project/NGS-ann-project/LS002/dup/ppn20/mem110G/trial3/dup -u 50",0,12304,36702816,3896,7,104979260,23693684,4096,98%,0,0,0,0,483.97,1018.66,511,25:29.58,LS002
20,110G,4,0,0,0,0,0,"/oasis/scratch/comet/a3rao/temp_project/NGS-ann-project/NGS-ann-program/bin/cd-hit-dup -i filter-human/no-human-1 -i2 filter-human/no-human-2 -o /oasis/scratch/comet/a3rao/temp_project/NGS-ann-project/LS002/dup/ppn20/mem110G/trial4/dup -u 50",0,12544,36702792,3263,7,104980220,23359376,4096,100%,0,0,0,0,110.68,990.35,325,18:20.47,LS002
20,110G,5,0,0,0,0,0,"/oasis/scratch/comet/a3rao/temp_project/NGS-ann-project/NGS-ann-program/bin/cd-hit-dup -i filter-human/no-human-1 -i2 filter-human/no-human-2 -o /oasis/scratch/comet/a3rao/temp_project/NGS-ann-project/LS002/dup/ppn20/mem110G/trial5/dup -u 50",0,12544,36702792,2948,7,104979828,23361281,4096,100%,0,0,0,0,100.81,1027.19,340,18:47.37,LS002
20,120G,1,0,0,0,0,0,"/oasis/scratch/comet/a3rao/temp_project/NGS-ann-project/NGS-ann-program/bin/cd-hit-dup -i filter-human/no-human-1 -i2 filter-human/no-human-2 -o /oasis/scratch/comet/a3rao/temp_project/NGS-ann-project/LS002/dup/ppn20/mem120G/trial1/dup -u 50",0,12544,36702808,3290,7,104979496,23895071,4096,98%,0,0,0,0,353.70,955.62,400,22:09.24,LS002
20,120G,2,0,0,0,0,0,"/oasis/scratch/comet/a3rao/temp_project/NGS-ann-project/NGS-ann-program/bin/cd-hit-dup -i filter-human/no-human-1 -i2 filter-human/no-human-2 -o /oasis/scratch/comet/a3rao/temp_project/NGS-ann-project/LS002/dup/ppn20/mem120G/trial2/dup -u 50",0,12544,36702800,3100,7,104978732,25523730,4096,99%,0,0,0,0,167.01,1065.60,381,20:36.03,LS002
20,120G,3,0,0,0,0,0,"/oasis/scratch/comet/a3rao/temp_project/NGS-ann-project/NGS-ann-program/bin/cd-hit-dup -i filter-human/no-human-1 -i2 filter-human/no-human-2 -o /oasis/scratch/comet/a3rao/temp_project/NGS-ann-project/LS002/dup/ppn20/mem120G/trial3/dup -u 50",0,12544,36702888,2979,7,104983792,23838757,4096,98%,0,0,0,0,373.98,1021.56,448,23:37.07,LS002
20,120G,4,0,0,0,0,0,"/oasis/scratch/comet/a3rao/temp_project/NGS-ann-project/NGS-ann-program/bin/cd-hit-dup -i filter-human/no-human-1 -i2 filter-human/no-human-2 -o /oasis/scratch/comet/a3rao/temp_project/NGS-ann-project/LS002/dup/ppn20/mem120G/trial4/dup -u 50",0,14176,36702808,2247,8,104982136,24033060,4096,98%,0,0,0,0,474.72,1022.88,499,25:25.84,LS002
20,120G,5,0,0,0,0,0,"/oasis/scratch/comet/a3rao/temp_project/NGS-ann-project/NGS-ann-program/bin/cd-hit-dup -i filter-human/no-human-1 -i2 filter-human/no-human-2 -o /oasis/scratch/comet/a3rao/temp_project/NGS-ann-project/LS002/dup/ppn20/mem120G/trial5/dup -u 50",0,12544,36702824,4696,7,104979840,23831081,4096,98%,0,0,0,0,635.37,1878.17,840,42:44.51,LS002
24,110G,1,0,0,0,0,0,"/oasis/scratch/comet/a3rao/temp_project/NGS-ann-project/NGS-ann-program/bin/cd-hit-dup -i filter-human/no-human-1 -i2 filter-human/no-human-2 -o /oasis/scratch/comet/a3rao/temp_project/NGS-ann-project/LS002/dup/ppn24/mem110G/trial1/dup -u 50",0,14176,36702800,2802,8,104983892,23359738,4096,99%,0,0,0,0,109.53,970.51,305,18:00.14,LS002
24,110G,1,0,0,0,0,0,"/oasis/scratch/comet/a3rao/temp_project/NGS-ann-project/NGS-ann-program/bin/cd-hit-dup -i filter-human/no-human-1 -i2 filter-human/no-human-2 -o /oasis/scratch/comet/a3rao/temp_project/NGS-ann-project/LS002/dup/ppn24/mem110G/trial1/dup -u 50",0,14176,36702800,1900,8,104983792,23360296,4096,99%,0,0,0,0,100.07,1056.63,363,19:16.85,LS002
24,110G,2,0,0,0,0,0,"/oasis/scratch/comet/a3rao/temp_project/NGS-ann-project/NGS-ann-program/bin/cd-hit-dup -i filter-human/no-human-1 -i2 filter-human/no-human-2 -o /oasis/scratch/comet/a3rao/temp_project/NGS-ann-project/LS002/dup/ppn24/mem110G/trial2/dup -u 50",0,12544,36702936,3376,7,104983780,26308779,4096,98%,0,0,0,0,1047.63,917.05,668,33:19.01,LS002
24,110G,2,0,0,0,0,0,"/oasis/scratch/comet/a3rao/temp_project/NGS-ann-project/NGS-ann-program/bin/cd-hit-dup -i filter-human/no-human-1 -i2 filter-human/no-human-2 -o /oasis/scratch/comet/a3rao/temp_project/NGS-ann-project/LS002/dup/ppn24/mem110G/trial2/dup -u 50",0,14176,36702800,2873,8,104983884,23363302,4096,99%,0,0,0,0,109.76,993.46,381,18:23.47,LS002
24,110G,3,0,0,0,0,0,"/oasis/scratch/comet/a3rao/temp_project/NGS-ann-project/NGS-ann-program/bin/cd-hit-dup -i filter-human/no-human-1 -i2 filter-human/no-human-2 -o /oasis/scratch/comet/a3rao/temp_project/NGS-ann-project/LS002/dup/ppn24/mem110G/trial3/dup -u 50",0,14176,36702792,1665,8,104980064,23365239,4096,100%,0,0,0,0,97.87,1056.55,338,19:13.69,LS002
24,110G,3,0,0,0,0,0,"/oasis/scratch/comet/a3rao/temp_project/NGS-ann-project/NGS-ann-program/bin/cd-hit-dup -i filter-human/no-human-1 -i2 filter-human/no-human-2 -o /oasis/scratch/comet/a3rao/temp_project/NGS-ann-project/LS002/dup/ppn24/mem110G/trial3/dup -u 50",0,14176,36702800,1894,8,104979848,23365351,4096,99%,0,0,0,0,102.66,1062.42,424,19:25.23,LS002
24,110G,4,0,0,0,0,0,"/oasis/scratch/comet/a3rao/temp_project/NGS-ann-project/NGS-ann-program/bin/cd-hit-dup -i filter-human/no-human-1 -i2 filter-human/no-human-2 -o /oasis/scratch/comet/a3rao/temp_project/NGS-ann-project/LS002/dup/ppn24/mem110G/trial4/dup -u 50",0,14176,36702800,3465,8,104979824,23362280,4096,100%,0,0,0,0,105.14,1039.36,324,19:03.94,LS002
24,110G,5,0,0,0,0,0,"/oasis/scratch/comet/a3rao/temp_project/NGS-ann-project/NGS-ann-program/bin/cd-hit-dup -i filter-human/no-human-1 -i2 filter-human/no-human-2 -o /oasis/scratch/comet/a3rao/temp_project/NGS-ann-project/LS002/dup/ppn24/mem110G/trial5/dup -u 50",0,14176,36702800,1901,8,104979768,23362316,4096,100%,0,0,0,0,99.64,1056.84,393,19:15.84,LS002
24,120G,1,0,0,0,0,0,"/oasis/scratch/comet/a3rao/temp_project/NGS-ann-project/NGS-ann-program/bin/cd-hit-dup -i filter-human/no-human-1 -i2 filter-human/no-human-2 -o /oasis/scratch/comet/a3rao/temp_project/NGS-ann-project/LS002/dup/ppn24/mem120G/trial1/dup -u 50",0,14176,36702832,2970,8,104978732,23850744,4096,98%,0,0,0,0,355.74,1022.15,354,23:19.52,LS002
24,120G,2,0,0,0,0,0,"/oasis/scratch/comet/a3rao/temp_project/NGS-ann-project/NGS-ann-program/bin/cd-hit-dup -i filter-human/no-human-1 -i2 filter-human/no-human-2 -o /oasis/scratch/comet/a3rao/temp_project/NGS-ann-project/LS002/dup/ppn24/mem120G/trial2/dup -u 50",0,12544,36702840,3030,7,104978732,23813383,4096,98%,0,0,0,0,374.42,1045.06,356,24:03.12,LS002
24,120G,3,0,0,0,0,0,"/oasis/scratch/comet/a3rao/temp_project/NGS-ann-project/NGS-ann-program/bin/cd-hit-dup -i filter-human/no-human-1 -i2 filter-human/no-human-2 -o /oasis/scratch/comet/a3rao/temp_project/NGS-ann-project/LS002/dup/ppn24/mem120G/trial3/dup -u 50",0,12544,36702848,4187,7,104978732,24100770,4096,98%,0,0,0,0,308.01,1043.56,346,22:46.72,LS002
24,120G,4,0,0,0,0,0,"/oasis/scratch/comet/a3rao/temp_project/NGS-ann-project/NGS-ann-program/bin/cd-hit-dup -i filter-human/no-human-1 -i2 filter-human/no-human-2 -o /oasis/scratch/comet/a3rao/temp_project/NGS-ann-project/LS002/dup/ppn24/mem120G/trial4/dup -u 50",0,12544,36702864,4074,7,104980044,25512693,4096,97%,0,0,0,0,527.90,975.83,444,25:35.11,LS002
24,120G,5,0,0,0,0,0,"/oasis/scratch/comet/a3rao/temp_project/NGS-ann-project/NGS-ann-program/bin/cd-hit-dup -i filter-human/no-human-1 -i2 filter-human/no-human-2 -o /oasis/scratch/comet/a3rao/temp_project/NGS-ann-project/LS002/dup/ppn24/mem120G/trial5/dup -u 50",0,12544,36702800,2354,7,104980036,26038780,4096,99%,0,0,0,0,150.66,1067.28,270,20:20.25,LS002
24,90G,1,0,0,0,0,0,"/oasis/scratch/comet/a3rao/temp_project/NGS-ann-project/NGS-ann-program/bin/cd-hit-dup -i filter-human/no-human-1 -i2 filter-human/no-human-2 -o /oasis/scratch/comet/a3rao/temp_project/NGS-ann-project/LS002/dup/ppn24/mem90G/trial1/dup -u 50",0,9264,8,1310,8,94372020,21469736,4096,97%,0,0,0,0,87.34,379.05,380,7:58.37,LS002
2,110G,1,0,0,0,0,0,"/oasis/scratch/comet/a3rao/temp_project/NGS-ann-project/NGS-ann-program/bin/cd-hit-dup -i filter-human/no-human-1 -i2 filter-human/no-human-2 -o /oasis/scratch/comet/a3rao/temp_project/NGS-ann-project/LS002/dup/ppn2/mem110G/trial1/dup -u 50",0,12544,36702800,1513,7,104979188,23355508,4096,98%,0,0,0,0,109.01,1024.92,484,19:05.50,LS002
2,110G,1,0,0,0,0,0,"/oasis/scratch/comet/a3rao/temp_project/NGS-ann-project/NGS-ann-program/bin/cd-hit-dup -i filter-human/no-human-1 -i2 filter-human/no-human-2 -o /oasis/scratch/comet/a3rao/temp_project/NGS-ann-project/LS002/dup/ppn2/mem110G/trial1/dup -u 50",0,12544,36702800,1380,7,104979404,23358900,4096,98%,0,0,0,0,110.08,1003.21,586,18:47.99,LS002
2,110G,2,0,0,0,0,0,"/oasis/scratch/comet/a3rao/temp_project/NGS-ann-project/NGS-ann-program/bin/cd-hit-dup -i filter-human/no-human-1 -i2 filter-human/no-human-2 -o /oasis/scratch/comet/a3rao/temp_project/NGS-ann-project/LS002/dup/ppn2/mem110G/trial2/dup -u 50",0,12544,36702800,1410,7,104982188,23361566,4096,99%,0,0,0,0,100.81,1061.37,309,19:23.62,LS002
2,110G,2,0,0,0,0,0,"/oasis/scratch/comet/a3rao/temp_project/NGS-ann-project/NGS-ann-program/bin/cd-hit-dup -i filter-human/no-human-1 -i2 filter-human/no-human-2 -o /oasis/scratch/comet/a3rao/temp_project/NGS-ann-project/LS002/dup/ppn2/mem110G/trial2/dup -u 50",0,14176,36702800,1575,8,104983792,23359782,4096,98%,0,0,0,0,99.43,1058.78,562,19:30.22,LS002
2,110G,3,0,0,0,0,0,"/oasis/scratch/comet/a3rao/temp_project/NGS-ann-project/NGS-ann-program/bin/cd-hit-dup -i filter-human/no-human-1 -i2 filter-human/no-human-2 -o /oasis/scratch/comet/a3rao/temp_project/NGS-ann-project/LS002/dup/ppn2/mem110G/trial3/dup -u 50",0,12544,36702792,3825,7,104982268,23358778,4096,99%,0,0,0,0,101.77,1045.74,362,19:08.74,LS002
2,110G,3,0,0,0,0,0,"/oasis/scratch/comet/a3rao/temp_project/NGS-ann-project/NGS-ann-program/bin/cd-hit-dup -i filter-human/no-human-1 -i2 filter-human/no-human-2 -o /oasis/scratch/comet/a3rao/temp_project/NGS-ann-project/LS002/dup/ppn2/mem110G/trial3/dup -u 50",0,14176,36702792,4344,8,104986140,23358636,4096,99%,0,0,0,0,220.43,1827.84,679,34:08.41,LS002
2,110G,4,0,0,0,0,0,"/oasis/scratch/comet/a3rao/temp_project/NGS-ann-project/NGS-ann-program/bin/cd-hit-dup -i filter-human/no-human-1 -i2 filter-human/no-human-2 -o /oasis/scratch/comet/a3rao/temp_project/NGS-ann-project/LS002/dup/ppn2/mem110G/trial4/dup -u 50",0,14176,36702800,2878,8,104979996,23364769,4096,98%,0,0,0,0,102.82,1029.97,644,19:15.57,LS002
2,110G,5,0,0,0,0,0,"/oasis/scratch/comet/a3rao/temp_project/NGS-ann-project/NGS-ann-program/bin/cd-hit-dup -i filter-human/no-human-1 -i2 filter-human/no-human-2 -o /oasis/scratch/comet/a3rao/temp_project/NGS-ann-project/LS002/dup/ppn2/mem110G/trial5/dup -u 50",0,14176,36702800,2509,8,104986144,23359110,4096,99%,0,0,0,0,109.42,972.03,599,18:10.99,LS002
2,120G,2,0,0,0,0,0,"/oasis/scratch/comet/a3rao/temp_project/NGS-ann-project/NGS-ann-program/bin/cd-hit-dup -i filter-human/no-human-1 -i2 filter-human/no-human-2 -o /oasis/scratch/comet/a3rao/temp_project/NGS-ann-project/LS002/dup/ppn2/mem120G/trial2/dup -u 50",0,12192,36702800,3351,7,104978736,24014156,4096,97%,0,0,0,0,521.44,1069.68,417,27:03.99,LS002
2,120G,3,0,0,0,0,0,"/oasis/scratch/comet/a3rao/temp_project/NGS-ann-project/NGS-ann-program/bin/cd-hit-dup -i filter-human/no-human-1 -i2 filter-human/no-human-2 -o /oasis/scratch/comet/a3rao/temp_project/NGS-ann-project/LS002/dup/ppn2/mem120G/trial3/dup -u 50",0,12544,36703616,2860,7,104983688,23896072,4096,98%,0,0,0,0,341.15,964.68,331,22:02.62,LS002
2,120G,4,0,0,0,0,0,"/oasis/scratch/comet/a3rao/temp_project/NGS-ann-project/NGS-ann-program/bin/cd-hit-dup -i filter-human/no-human-1 -i2 filter-human/no-human-2 -o /oasis/scratch/comet/a3rao/temp_project/NGS-ann-project/LS002/dup/ppn2/mem120G/trial4/dup -u 50",0,12448,36702896,3543,7,104982136,31077473,4096,99%,0,0,0,0,462.05,1011.03,230,24:44.15,LS002
2,120G,5,0,0,0,0,0,"/oasis/scratch/comet/a3rao/temp_project/NGS-ann-project/NGS-ann-program/bin/cd-hit-dup -i filter-human/no-human-1 -i2 filter-human/no-human-2 -o /oasis/scratch/comet/a3rao/temp_project/NGS-ann-project/LS002/dup/ppn2/mem120G/trial5/dup -u 50",0,12544,36702824,3522,7,104982136,23815319,4096,98%,0,0,0,0,360.02,1078.07,478,24:23.07,LS002
4,110G,1,0,0,0,0,0,"/oasis/scratch/comet/a3rao/temp_project/NGS-ann-project/NGS-ann-program/bin/cd-hit-dup -i filter-human/no-human-1 -i2 filter-human/no-human-2 -o /oasis/scratch/comet/a3rao/temp_project/NGS-ann-project/LS002/dup/ppn4/mem110G/trial1/dup -u 50",0,14176,36702800,2661,8,104982148,23360087,4096,99%,0,0,0,0,106.74,975.54,356,18:02.81,LS002
4,110G,1,0,0,0,0,0,"/oasis/scratch/comet/a3rao/temp_project/NGS-ann-project/NGS-ann-program/bin/cd-hit-dup -i filter-human/no-human-1 -i2 filter-human/no-human-2 -o /oasis/scratch/comet/a3rao/temp_project/NGS-ann-project/LS002/dup/ppn4/mem110G/trial1/dup -u 50",0,12544,36702800,3093,7,104979300,23357937,4096,99%,0,0,0,0,112.64,1013.92,481,18:57.86,LS002
4,110G,2,0,0,0,0,0,"/oasis/scratch/comet/a3rao/temp_project/NGS-ann-project/NGS-ann-program/bin/cd-hit-dup -i filter-human/no-human-1 -i2 filter-human/no-human-2 -o /oasis/scratch/comet/a3rao/temp_project/NGS-ann-project/LS002/dup/ppn4/mem110G/trial2/dup -u 50",0,12544,36702792,1676,7,104979560,23359337,4096,100%,0,0,0,0,97.06,1054.38,341,19:11.11,LS002
4,110G,2,0,0,0,0,0,"/oasis/scratch/comet/a3rao/temp_project/NGS-ann-project/NGS-ann-program/bin/cd-hit-dup -i filter-human/no-human-1 -i2 filter-human/no-human-2 -o /oasis/scratch/comet/a3rao/temp_project/NGS-ann-project/LS002/dup/ppn4/mem110G/trial2/dup -u 50",0,14176,36702792,3529,8,104983696,23356750,4096,99%,0,0,0,0,110.27,1027.71,427,19:03.49,LS002
4,110G,3,0,0,0,0,0,"/oasis/scratch/comet/a3rao/temp_project/NGS-ann-project/NGS-ann-program/bin/cd-hit-dup -i filter-human/no-human-1 -i2 filter-human/no-human-2 -o /oasis/scratch/comet/a3rao/temp_project/NGS-ann-project/LS002/dup/ppn4/mem110G/trial3/dup -u 50",0,14176,36702800,2692,8,104979708,23361323,4096,100%,0,0,0,0,106.51,1031.43,323,18:57.30,LS002
4,110G,3,0,0,0,0,0,"/oasis/scratch/comet/a3rao/temp_project/NGS-ann-project/NGS-ann-program/bin/cd-hit-dup -i filter-human/no-human-1 -i2 filter-human/no-human-2 -o /oasis/scratch/comet/a3rao/temp_project/NGS-ann-project/LS002/dup/ppn4/mem110G/trial3/dup -u 50",0,12544,36702792,2887,7,104980224,23358363,4096,99%,0,0,0,0,101.52,1059.46,372,19:22.39,LS002
4,110G,4,0,0,0,0,0,"/oasis/scratch/comet/a3rao/temp_project/NGS-ann-project/NGS-ann-program/bin/cd-hit-dup -i filter-human/no-human-1 -i2 filter-human/no-human-2 -o /oasis/scratch/comet/a3rao/temp_project/NGS-ann-project/LS002/dup/ppn4/mem110G/trial4/dup -u 50",0,12544,36702800,4514,7,104983940,23359701,4096,100%,0,0,0,0,240.90,1799.91,741,34:00.50,LS002
4,110G,5,0,0,0,0,0,"/oasis/scratch/comet/a3rao/temp_project/NGS-ann-project/NGS-ann-program/bin/cd-hit-dup -i filter-human/no-human-1 -i2 filter-human/no-human-2 -o /oasis/scratch/comet/a3rao/temp_project/NGS-ann-project/LS002/dup/ppn4/mem110G/trial5/dup -u 50",0,14176,36702792,4067,8,104983904,23361265,4096,99%,0,0,0,0,102.84,1051.73,373,19:15.15,LS002
4,120G,1,0,0,0,0,0,"/oasis/scratch/comet/a3rao/temp_project/NGS-ann-project/NGS-ann-program/bin/cd-hit-dup -i filter-human/no-human-1 -i2 filter-human/no-human-2 -o /oasis/scratch/comet/a3rao/temp_project/NGS-ann-project/LS002/dup/ppn4/mem120G/trial1/dup -u 50",0,9264,36702808,1964,6,104979460,23961728,4096,97%,0,0,0,0,463.30,960.14,358,24:12.91,LS002
4,120G,2,0,0,0,0,0,"/oasis/scratch/comet/a3rao/temp_project/NGS-ann-project/NGS-ann-program/bin/cd-hit-dup -i filter-human/no-human-1 -i2 filter-human/no-human-2 -o /oasis/scratch/comet/a3rao/temp_project/NGS-ann-project/LS002/dup/ppn4/mem120G/trial2/dup -u 50",0,14176,36702816,3425,8,104986156,23711800,4096,98%,0,0,0,0,363.36,1072.31,380,24:15.65,LS002
4,120G,3,0,0,0,0,0,"/oasis/scratch/comet/a3rao/temp_project/NGS-ann-project/NGS-ann-program/bin/cd-hit-dup -i filter-human/no-human-1 -i2 filter-human/no-human-2 -o /oasis/scratch/comet/a3rao/temp_project/NGS-ann-project/LS002/dup/ppn4/mem120G/trial3/dup -u 50",0,14176,36702800,4071,8,104982268,23977960,4096,98%,0,0,0,0,329.77,1056.73,385,23:22.91,LS002
4,120G,4,0,0,0,0,0,"/oasis/scratch/comet/a3rao/temp_project/NGS-ann-project/NGS-ann-program/bin/cd-hit-dup -i filter-human/no-human-1 -i2 filter-human/no-human-2 -o /oasis/scratch/comet/a3rao/temp_project/NGS-ann-project/LS002/dup/ppn4/mem120G/trial4/dup -u 50",0,12544,36702800,2071,7,104978732,23827727,4096,98%,0,0,0,0,347.71,964.19,312,22:10.52,LS002
4,120G,5,0,0,0,0,0,"/oasis/scratch/comet/a3rao/temp_project/NGS-ann-project/NGS-ann-program/bin/cd-hit-dup -i filter-human/no-human-1 -i2 filter-human/no-human-2 -o /oasis/scratch/comet/a3rao/temp_project/NGS-ann-project/LS002/dup/ppn4/mem120G/trial5/dup -u 50",0,14176,36702800,2033,8,104983940,25093246,4096,99%,0,0,0,0,227.28,939.57,293,19:33.48,LS002
8,110G,1,0,0,0,0,0,"/oasis/scratch/comet/a3rao/temp_project/NGS-ann-project/NGS-ann-program/bin/cd-hit-dup -i filter-human/no-human-1 -i2 filter-human/no-human-2 -o /oasis/scratch/comet/a3rao/temp_project/NGS-ann-project/LS002/dup/ppn8/mem110G/trial1/dup -u 50",0,14176,36702792,2613,8,104979540,23360887,4096,100%,0,0,0,0,108.16,961.73,303,17:49.30,LS002
8,110G,1,0,0,0,0,0,"/oasis/scratch/comet/a3rao/temp_project/NGS-ann-project/NGS-ann-program/bin/cd-hit-dup -i filter-human/no-human-1 -i2 filter-human/no-human-2 -o /oasis/scratch/comet/a3rao/temp_project/NGS-ann-project/LS002/dup/ppn8/mem110G/trial1/dup -u 50",0,12544,36702800,1464,7,104980040,23363190,4096,99%,0,0,0,0,107.92,1001.53,349,18:29.48,LS002
8,110G,2,0,0,0,0,0,"/oasis/scratch/comet/a3rao/temp_project/NGS-ann-project/NGS-ann-program/bin/cd-hit-dup -i filter-human/no-human-1 -i2 filter-human/no-human-2 -o /oasis/scratch/comet/a3rao/temp_project/NGS-ann-project/LS002/dup/ppn8/mem110G/trial2/dup -u 50",0,14176,36702792,2104,8,104982172,23359032,4096,100%,0,0,0,0,107.44,992.74,307,18:19.49,LS002
8,110G,2,0,0,0,0,0,"/oasis/scratch/comet/a3rao/temp_project/NGS-ann-project/NGS-ann-program/bin/cd-hit-dup -i filter-human/no-human-1 -i2 filter-human/no-human-2 -o /oasis/scratch/comet/a3rao/temp_project/NGS-ann-project/LS002/dup/ppn8/mem110G/trial2/dup -u 50",0,12544,36702800,3772,7,104982160,23359572,4096,99%,0,0,0,0,101.04,1023.17,360,18:44.60,LS002
8,110G,3,0,0,0,0,0,"/oasis/scratch/comet/a3rao/temp_project/NGS-ann-project/NGS-ann-program/bin/cd-hit-dup -i filter-human/no-human-1 -i2 filter-human/no-human-2 -o /oasis/scratch/comet/a3rao/temp_project/NGS-ann-project/LS002/dup/ppn8/mem110G/trial3/dup -u 50",0,14176,36702800,3854,8,104980104,23365723,4096,100%,0,0,0,0,101.39,1027.15,365,18:48.02,LS002
8,110G,3,0,0,0,0,0,"/oasis/scratch/comet/a3rao/temp_project/NGS-ann-project/NGS-ann-program/bin/cd-hit-dup -i filter-human/no-human-1 -i2 filter-human/no-human-2 -o /oasis/scratch/comet/a3rao/temp_project/NGS-ann-project/LS002/dup/ppn8/mem110G/trial3/dup -u 50",0,14176,36702792,3256,8,104982272,23359826,4096,99%,0,0,0,0,108.45,1010.73,358,18:39.47,LS002
8,110G,4,0,0,0,0,0,"/oasis/scratch/comet/a3rao/temp_project/NGS-ann-project/NGS-ann-program/bin/cd-hit-dup -i filter-human/no-human-1 -i2 filter-human/no-human-2 -o /oasis/scratch/comet/a3rao/temp_project/NGS-ann-project/LS002/dup/ppn8/mem110G/trial4/dup -u 50",0,12544,36702800,2586,7,104983996,23361705,4096,100%,0,0,0,0,111.23,963.40,366,17:54.08,LS002
8,110G,5,0,0,0,0,0,"/oasis/scratch/comet/a3rao/temp_project/NGS-ann-project/NGS-ann-program/bin/cd-hit-dup -i filter-human/no-human-1 -i2 filter-human/no-human-2 -o /oasis/scratch/comet/a3rao/temp_project/NGS-ann-project/LS002/dup/ppn8/mem110G/trial5/dup -u 50",0,14176,36702800,3766,8,104984056,23361682,4096,100%,0,0,0,0,111.31,1032.06,387,19:02.86,LS002
8,120G,1,0,0,0,0,0,"/oasis/scratch/comet/a3rao/temp_project/NGS-ann-project/NGS-ann-program/bin/cd-hit-dup -i filter-human/no-human-1 -i2 filter-human/no-human-2 -o /oasis/scratch/comet/a3rao/temp_project/NGS-ann-project/LS002/dup/ppn8/mem120G/trial1/dup -u 50",0,12544,36702808,3078,7,104984184,23867725,4096,98%,0,0,0,0,328.81,940.12,420,21:27.80,LS002
8,120G,2,0,0,0,0,0,"/oasis/scratch/comet/a3rao/temp_project/NGS-ann-project/NGS-ann-program/bin/cd-hit-dup -i filter-human/no-human-1 -i2 filter-human/no-human-2 -o /oasis/scratch/comet/a3rao/temp_project/NGS-ann-project/LS002/dup/ppn8/mem120G/trial2/dup -u 50",0,12544,36702824,3204,7,104978732,24120314,4096,97%,0,0,0,0,490.68,916.10,396,23:57.63,LS002
8,120G,3,0,0,0,0,0,"/oasis/scratch/comet/a3rao/temp_project/NGS-ann-project/NGS-ann-program/bin/cd-hit-dup -i filter-human/no-human-1 -i2 filter-human/no-human-2 -o /oasis/scratch/comet/a3rao/temp_project/NGS-ann-project/LS002/dup/ppn8/mem120G/trial3/dup -u 50",0,14176,36702792,3068,8,104986148,26905510,4096,98%,0,0,0,0,525.45,1041.74,417,26:38.10,LS002
8,120G,4,0,0,0,0,0,"/oasis/scratch/comet/a3rao/temp_project/NGS-ann-project/NGS-ann-program/bin/cd-hit-dup -i filter-human/no-human-1 -i2 filter-human/no-human-2 -o /oasis/scratch/comet/a3rao/temp_project/NGS-ann-project/LS002/dup/ppn8/mem120G/trial4/dup -u 50",0,14176,36702808,3317,8,104983792,24052099,4096,98%,0,0,0,0,426.39,1063.60,402,25:16.89,LS002
8,120G,5,0,0,0,0,0,"/oasis/scratch/comet/a3rao/temp_project/NGS-ann-project/NGS-ann-program/bin/cd-hit-dup -i filter-human/no-human-1 -i2 filter-human/no-human-2 -o /oasis/scratch/comet/a3rao/temp_project/NGS-ann-project/LS002/dup/ppn8/mem120G/trial5/dup -u 50",0,12544,36702808,2992,7,104980220,23824153,4096,98%,0,0,0,0,353.16,965.43,371,22:16.71,LS002
